ANO,REGIAO,UF,MUNICIPIO,AREA,DEPENDENCIA_ADM,LOCALIZACAO,NOTA_LP,NOTA_MT,SEXO,RACA_COR,IDADE,COMPUTADOR,MORA_MÃE,MORA_PAI,REUNIÕES_ESCOLARES,USO_TEMPO_TELAS,AFAZERES_DOM,BIBLIOTECA
2017,3,35,3549607,2,3,1,216654662,296608988,B,C,D,B,A,A,A,A,C,A
2017,4,43,4300604,2,3,1,241706716,219024512,B,A,D,C,B,A,C,NA,A,A
2017,3,35,3550308,1,2,1,278975448,243320963,B,C,C,B,A,A,B,A,B,A
2017,2,21,2100055,2,3,1,117031648,164408318,B,C,E,A,B,A,C,D,A,A
2017,1,17,1721000,1,2,1,191828932,254323647,A,C,C,A,A,A,B,D,E,B
2017,5,52,5211800,2,3,1,234045323,243971661,B,E,D,A,A,A,A,E,D,A
2017,3,35,3518800,2,3,1,295106068,249133318,B,C,D,A,A,A,C,B,A,B
2017,3,31,3143401,2,3,1,218530096,226226127,B,C,C,B,A,A,A,D,B,C
2017,2,26,2606408,2,3,1,164326766,23020309,B,C,E,A,A,A,C,D,B,B
2017,2,29,2908408,2,3,2,178306156,186453538,B,B,F,B,A,A,A,A,D,A
2017,3,31,3172004,2,2,1,215715982,238209107,A,A,C,B,A,A,A,B,A,B
2017,2,24,2402303,2,3,2,213635877,177042164,B,NA,C,A,A,A,B,C,E,A
2017,2,21,2101004,2,3,1,224352527,219037926,B,C,C,A,A,A,A,D,D,C
2017,3,33,3301702,2,3,1,259655197,211607377,A,A,D,E,A,A,A,C,E,B
2017,4,42,4202404,2,3,1,272001951,229144489,A,A,D,B,A,A,A,B,A,A
2017,3,35,3527108,2,2,1,219395061,269040488,A,C,E,B,B,B,A,D,A,B
2017,2,22,2206506,2,3,1,185711365,145792931,A,B,D,A,A,B,A,A,D,C
2017,2,23,2307254,2,3,2,286705928,34908227,B,A,D,B,A,A,A,A,A,A
2017,3,35,3533908,2,3,1,218475112,241103379,B,A,C,A,A,A,B,NA,A,B
2017,4,43,4314100,2,3,1,240680437,226477754,A,C,D,A,A,A,A,C,A,C
2017,3,35,3530607,2,3,1,328299158,318460876,A,A,D,B,A,B,A,D,A,C
2017,3,35,3518800,2,2,1,159263851,188887257,A,NA,D,B,B,B,NA,NA,A,A
2017,3,33,3304904,2,3,1,227387125,226627154,A,F,E,A,A,B,B,B,A,A
2017,3,35,3557006,2,3,1,293798372,295188037,B,C,C,E,A,A,A,D,E,C
2017,4,42,4218004,2,3,1,230003619,247020476,A,A,C,B,A,A,B,C,A,C
2017,1,13,1301308,2,2,1,215692181,182361045,B,B,D,A,A,B,C,B,D,C
2017,5,50,5000609,2,2,1,272313338,259352224,A,A,D,C,A,A,C,B,A,C
2017,3,35,3550308,1,2,1,217622928,22296766,A,A,C,B,A,B,A,D,E,B
2017,3,31,3156700,2,2,1,233454226,235505092,B,C,D,A,A,B,A,A,C,B
2017,1,13,1302603,1,3,1,191568065,189252793,B,B,E,B,B,A,C,E,A,C
2017,5,52,5204250,2,3,1,224764185,238905022,B,A,D,D,A,A,A,D,D,A
2017,5,53,5300108,1,2,1,223199423,216153323,B,B,C,B,A,A,A,D,D,C
2017,2,23,2303402,2,3,1,200193592,121532084,A,C,C,A,A,A,B,A,E,C
2017,4,42,4212809,2,3,1,252414442,239610439,A,C,D,A,A,A,B,B,A,B
2017,1,11,1100080,2,2,1,150345007,165431148,A,C,E,A,A,A,NA,B,D,A
2017,5,53,5300108,1,2,1,239862962,243872844,A,A,D,B,C,C,A,B,A,B
2017,2,29,2910800,2,3,1,179067216,211856601,A,NA,D,B,A,A,A,A,C,B
2017,2,26,2609600,2,3,1,160529456,216382817,B,C,C,A,A,C,B,A,C,B
2017,2,23,2312908,2,3,1,25375872,348342479,A,F,C,A,A,A,C,D,A,B
2017,1,15,1503002,2,3,1,148226667,149568346,A,C,D,A,A,A,C,A,A,B
2017,1,15,1504604,2,3,1,255220733,287678847,B,A,D,C,A,A,C,A,A,C
2017,2,23,2304400,1,3,1,249779161,206011269,B,C,C,NA,A,NA,A,D,NA,B
2017,1,17,1712801,2,3,1,173109144,204350596,B,B,C,A,A,B,NA,A,B,A
2017,4,41,4117255,2,3,1,21548795,207586091,B,A,C,A,C,B,A,C,D,A
2017,2,23,2304400,1,3,1,214263611,209804178,B,C,D,B,B,B,A,E,E,A
2017,2,21,2109007,2,3,1,288139017,297879532,A,A,D,C,A,A,B,B,D,C
2017,3,31,3170206,2,2,1,242115123,199882564,B,D,C,A,A,A,A,A,NA,B
2017,4,41,4115804,2,3,1,242450752,228198567,A,C,C,B,A,C,B,D,A,A
2017,4,42,4201406,2,2,1,230179367,244976773,B,A,D,C,A,C,A,B,A,B
2017,3,35,3537800,2,3,2,227614385,225505283,A,A,C,A,A,A,A,E,E,B
2017,4,41,4104204,2,3,1,259374552,253438201,B,A,C,B,A,A,A,C,A,A
2017,3,35,3550308,1,3,1,219988417,196684572,B,C,D,B,A,B,A,B,A,B
2017,4,43,4316006,2,3,1,190430332,138424031,B,A,F,A,A,A,B,A,D,A
2017,3,35,3550308,1,2,1,206769921,267015286,B,A,D,B,A,B,B,C,A,C
2017,2,29,2905206,2,3,2,179744148,173318393,A,C,F,B,C,A,A,C,C,A
2017,4,41,4122008,2,3,2,24215738,273631596,A,A,C,A,A,A,A,A,E,B
2017,2,29,2914802,2,3,1,259859208,265276364,B,D,D,B,A,A,A,E,A,B
2017,2,21,2110401,2,3,1,148272009,170301717,A,C,C,A,NA,B,A,E,D,A
2017,2,23,2304269,2,3,1,279251851,295275229,B,A,C,B,A,B,A,C,E,A
2017,2,29,2915304,2,3,1,17681577,145510507,B,C,C,B,A,B,A,D,A,A
2017,3,31,3156908,2,3,1,211301185,212439781,A,C,C,B,A,B,A,A,NA,B
2017,3,31,3170701,2,3,1,279638111,324992901,B,A,D,B,A,A,A,C,E,B
2017,3,31,3107406,2,2,1,204477597,269532509,A,F,C,B,A,A,B,D,B,A
2017,2,21,2105401,2,3,1,215017784,193680248,A,C,D,B,A,A,C,E,C,C
2017,3,35,3503802,2,3,1,16600502,181220842,A,F,D,A,A,B,A,D,B,A
2017,2,25,2502805,2,3,1,227050339,256358743,A,C,C,A,A,A,B,D,E,C
2017,2,22,2205599,2,3,1,14817802,169728653,B,C,D,A,A,A,A,A,A,A
2017,3,35,3541406,2,3,1,161465658,171353443,A,C,C,D,A,A,B,D,E,A
2017,4,42,4202156,2,3,1,252375271,216075633,B,F,NA,B,A,C,B,D,B,A
2017,2,26,2605103,2,3,1,221989132,276175815,B,C,C,B,A,A,A,A,A,B
2017,3,35,3535309,2,3,1,221476378,270290073,A,B,D,A,A,A,B,B,B,C
2017,2,21,2104800,2,3,2,121910827,167871574,B,C,C,B,A,NA,NA,B,D,C
2017,3,31,3106200,1,3,1,23360386,267061788,A,A,D,A,A,B,A,D,B,B
2017,2,29,2927408,1,3,1,191292819,232522957,A,C,F,A,A,A,A,E,C,A
2017,2,29,2910057,2,3,1,254195225,233121563,B,A,H,A,C,C,C,D,A,B
2017,4,43,6310376,2,2,1,232067747,189528733,A,C,D,A,A,A,NA,A,A,A
2017,2,26,2606408,2,3,1,192217285,175366512,A,C,C,B,A,B,B,D,B,A
2017,2,22,2200905,2,3,1,104104872,171959819,A,C,D,C,NA,A,A,B,E,C
2017,2,29,2916302,2,3,1,221935527,193011887,B,A,D,B,A,B,A,E,C,C
2017,2,22,2206803,2,3,1,133892476,192771327,B,E,C,A,A,B,A,B,A,C
2017,4,41,4124707,2,3,1,261676077,25108301,A,A,C,C,A,A,A,C,A,B
2017,5,53,5300108,1,2,1,286708242,248536053,B,F,D,B,A,A,A,A,C,C
2017,2,23,2304400,1,3,1,212593896,207300705,B,A,D,B,C,B,A,D,B,B
2017,3,35,3530607,2,3,1,174767069,175761838,B,C,C,A,A,B,A,A,A,A
2017,3,31,3147907,2,2,1,226234572,238506733,A,E,D,A,A,A,B,A,D,B
2017,3,33,3304557,1,3,1,201063461,257156773,B,F,D,B,A,B,A,C,A,C
2017,2,24,2403251,2,3,1,250145312,204148937,B,C,C,A,A,C,B,A,A,A
2017,2,23,2304400,1,3,1,222851784,229417411,A,E,F,A,A,B,B,B,E,B
2017,2,21,2108207,2,3,1,248394996,187578482,B,C,C,B,A,B,A,E,A,A
2017,4,41,4109401,2,3,1,216024009,220157506,A,A,C,C,A,A,A,D,C,A
2017,2,23,2300754,2,3,1,265045587,207755948,B,C,D,A,A,A,A,B,E,A
2017,3,35,3534401,2,3,1,200299261,222392304,A,A,C,B,A,B,B,D,A,C
2017,3,31,3106705,2,3,1,24830635,224348312,B,C,C,A,A,A,C,A,B,B
2017,1,15,1503309,2,3,1,140996104,165264253,B,C,C,A,C,C,C,B,A,C
2017,5,52,5212501,2,3,1,223631135,215213606,B,C,D,A,A,A,A,E,D,B
2017,4,43,4304200,2,3,2,251494493,279489615,B,A,D,B,A,A,A,A,A,A
2017,2,26,2611101,2,3,2,189687343,177813813,A,A,C,A,A,B,B,D,A,A
2017,1,11,1100296,2,3,1,186270012,215468139,A,A,D,A,A,C,A,C,E,A
2017,2,28,2804805,2,3,1,226965661,159460953,B,B,E,A,A,B,C,E,E,B
2017,3,33,3302502,2,3,1,147891314,123478646,A,B,D,A,A,B,A,C,A,B
2017,4,43,4300406,2,2,1,177706079,172742311,A,A,F,B,A,A,A,E,C,B
2017,2,27,2709202,2,3,2,135564395,151583711,B,F,E,NA,A,A,A,D,D,A
2017,2,26,2614600,2,3,1,209249288,211704965,B,C,D,A,A,C,A,D,A,C
2017,3,35,3543402,2,2,1,252452512,218792168,B,B,D,E,A,B,B,C,A,A
2017,4,41,4104808,2,3,1,192720673,190495391,A,A,E,A,A,A,C,D,A,C
2017,2,24,2408102,1,3,1,259367114,234335545,B,F,C,A,A,A,A,D,E,A
2017,2,22,2211001,1,3,1,178941382,185911103,B,C,F,B,B,B,C,B,A,B
2017,1,13,1301902,2,3,1,139929166,169580147,B,A,NA,A,B,A,A,C,C,C
2017,4,42,4205704,2,2,1,240158097,241351709,B,A,E,C,A,C,A,C,B,B
2017,5,52,5208707,1,3,1,158028603,178901813,B,E,B,B,A,A,A,A,A,A
2017,2,28,2803005,2,3,1,201224224,216353418,B,A,D,A,A,A,B,A,B,B
2017,3,31,3169406,2,3,1,165502844,180306779,B,A,D,D,A,C,A,D,D,A
2017,1,17,1716505,2,3,1,139716726,147051514,A,C,C,B,A,A,A,E,A,A
2017,1,14,1400209,2,3,2,188853395,145141394,A,C,D,B,B,A,A,A,A,B
2017,4,42,4215505,2,3,1,216568662,200011731,B,A,C,B,A,A,A,C,B,A
2017,3,31,3127701,2,2,1,162213164,177361197,A,B,D,A,A,C,A,B,B,A
2017,3,35,3550308,1,2,1,198528395,258996805,A,A,C,B,A,A,B,B,B,B
2017,3,32,3204906,2,3,1,272083929,210358574,B,C,C,C,A,A,B,D,A,B
2017,2,29,2921708,2,3,1,121619989,175496741,B,B,C,A,B,B,A,A,A,C
2017,2,27,2704302,1,3,1,241692502,293086039,A,F,D,A,A,A,A,D,A,C
2017,1,17,1718204,2,2,1,162819412,210985239,A,B,C,B,A,B,B,A,A,A
2017,3,31,3170206,2,3,2,240889957,234234268,B,C,D,B,A,B,B,B,B,C
2017,4,43,4307708,2,3,1,174841279,21867675,B,B,C,A,A,C,B,E,A,A
2017,4,41,4124103,2,3,1,24671305,240624941,B,A,D,A,A,A,A,B,B,B
2017,4,43,4304408,2,2,1,320311998,282831529,A,A,C,A,A,A,A,D,E,C
2017,2,22,2206209,2,3,2,193070902,191209528,A,B,G,A,A,A,C,B,A,C
2017,4,42,4208302,2,3,1,143056872,153359075,A,C,E,A,A,A,NA,D,D,B
2017,2,27,2706703,2,2,1,194287528,198444733,A,F,C,B,A,A,B,D,A,B
2017,2,27,2709301,2,3,1,295473817,261545998,A,A,D,A,A,A,B,A,B,B
2017,4,42,4204608,2,3,1,195777253,234382886,B,A,D,C,A,A,C,B,A,C
2017,2,24,2401859,2,3,1,144683558,210516023,A,B,C,A,B,B,A,E,A,B
2017,5,52,5201108,2,3,1,233702808,274142675,B,NA,C,C,A,A,C,B,D,C
2017,2,29,2927705,2,3,1,160014003,16663082,A,B,H,B,A,B,C,C,A,C
2017,3,33,3305133,2,3,1,221406024,187448421,A,A,E,A,A,A,B,B,B,A
2017,2,29,2927408,1,3,1,23499932,243777547,B,C,C,B,A,A,A,A,C,C
2017,3,35,3550308,1,3,1,171967059,169413029,B,C,C,C,A,B,A,B,A,A
2017,5,51,5107602,2,2,1,268084812,231980354,A,C,C,D,A,A,A,D,B,B
2017,3,35,3549904,2,3,1,168646251,231463406,A,B,E,A,A,A,B,B,A,A
2017,5,50,5003702,2,3,1,331154592,321121574,A,A,D,A,A,C,B,A,A,C
2017,4,43,4321204,2,3,2,273932147,247850477,A,C,D,A,A,A,C,A,B,B
2017,3,31,3167202,2,2,1,146043758,142000189,A,C,D,B,A,A,A,B,NA,A
2017,2,23,2312908,2,3,1,318242857,348883126,A,C,C,D,A,B,A,D,E,C
2017,3,31,3170206,2,2,1,238641928,305069018,A,NA,D,D,NA,A,A,NA,NA,B
2017,4,43,4315305,2,2,1,24260551,215705458,B,B,D,B,A,A,C,C,C,C
2017,2,23,2307601,2,3,1,212424759,282161045,A,F,C,A,A,B,A,A,NA,B
2017,3,35,3517703,2,3,1,153468691,211780196,A,C,E,A,A,B,B,D,NA,B
2017,3,33,3304557,1,3,1,186610929,280762954,A,B,D,C,A,A,B,A,A,B
2017,3,35,3501004,2,3,1,194337663,206337848,A,F,E,A,A,B,A,A,A,B
2017,5,50,5002704,1,3,1,164557717,198070255,B,A,D,B,A,A,A,B,D,C
2017,1,14,1400209,2,3,2,177722332,239834455,A,B,D,B,A,A,A,C,A,C
2017,2,24,2405801,2,3,2,155907288,1533982,A,NA,F,A,A,A,NA,C,A,A
2017,5,52,5217708,2,3,1,291441148,253703131,A,A,D,A,A,A,A,B,C,A
2017,2,26,2601409,2,3,1,138411289,156422869,B,C,F,A,A,B,B,E,D,A
2017,4,43,4322509,2,3,1,156657219,195724174,A,A,D,B,A,B,C,A,A,C
2017,2,29,2927408,1,3,1,176839736,207358721,A,C,F,D,A,A,A,D,A,C
2017,3,35,3513504,2,2,1,274530516,244778523,B,C,D,B,A,A,B,D,B,B
2017,1,15,1504422,2,3,2,220869305,155554973,B,C,C,A,A,A,C,C,C,B
2017,2,29,2931350,2,3,1,321640024,235342836,B,C,C,A,A,NA,C,A,A,A
2017,2,23,2303709,2,3,1,179947553,174123969,B,C,C,A,A,A,B,E,E,C
2017,3,31,3103504,2,3,1,235514222,23116427,A,C,D,B,A,A,A,E,B,C
2017,3,31,3106705,2,3,1,26976494,247198717,A,C,C,B,C,C,A,D,NA,B
2017,5,51,5106299,2,2,1,1929373,221655979,B,A,D,A,A,A,A,A,A,A
2017,3,35,3549904,2,2,1,232519568,259332774,A,C,D,A,A,A,A,D,E,A
2017,2,28,2804607,2,2,1,21382044,221838523,B,B,D,A,A,A,A,B,D,B
2017,4,42,4202404,2,3,1,205488009,234635575,A,A,F,A,A,B,C,C,A,B
2017,3,35,3523404,2,3,1,21830559,276624351,A,B,D,A,A,A,A,D,B,B
2017,3,35,3546306,2,3,1,186880997,221789729,B,A,E,A,A,C,A,D,A,C
2017,5,52,5211909,2,3,1,241482817,255343067,B,B,C,B,A,B,A,A,A,B
2017,3,35,3543402,2,2,1,186553577,265989214,B,B,C,B,A,A,A,B,B,B
2017,3,35,3515004,2,3,1,25716338,203449444,B,E,C,B,A,A,A,B,E,C
2017,4,43,4315701,2,3,2,23675509,236557377,A,A,C,D,A,A,C,B,C,C
2017,2,29,2922904,2,3,1,172337782,156999454,A,B,D,C,A,A,B,NA,E,A
2017,3,35,3550308,1,3,1,238979595,249371699,B,C,C,B,A,C,B,D,B,A
2017,2,29,2906204,2,3,2,186162745,215902814,A,C,C,A,A,A,C,B,A,C
2017,5,50,5002704,1,3,1,193664588,20407365,A,NA,NA,A,A,A,A,A,A,C
2017,5,52,5206206,2,3,2,303751429,316009383,A,A,D,A,A,A,C,D,D,B
2017,3,31,3137502,2,3,1,216767714,212013211,A,F,D,B,B,NA,A,B,E,B
2017,3,35,3501608,2,3,1,261763896,30947965,A,A,C,B,A,A,A,B,A,B
2017,2,23,2304707,2,3,2,186877361,240341399,A,C,D,B,C,B,C,D,E,B
2017,3,31,3153509,2,3,2,283690614,23884069,A,B,D,A,A,NA,B,C,E,B
2017,5,52,5218805,2,3,1,193517103,242053325,B,C,D,A,B,B,A,E,D,A
2017,2,26,2601706,2,3,1,142792699,174261856,B,E,C,A,A,A,A,A,C,C
2017,5,52,5212055,2,3,1,228522599,240355875,A,C,C,A,A,B,C,NA,D,C
2017,4,41,4119509,2,3,2,252532727,248090032,A,A,B,A,A,A,A,C,A,C
2017,4,42,4202404,2,3,1,218185101,230666157,B,A,E,B,A,C,A,A,B,B
2017,1,15,1506807,2,3,2,166658703,170324856,A,A,C,NA,B,B,A,NA,A,C
2017,4,42,4202909,2,2,1,178059228,236734276,A,A,C,B,A,A,A,A,B,A
2017,3,35,3529401,2,2,1,269083159,232961599,B,C,D,A,A,B,A,D,E,B
2017,3,33,3301702,2,3,1,271161336,146369963,A,C,C,B,A,A,A,B,D,A
2017,1,12,1200401,1,2,1,178802492,190366336,A,A,D,B,A,NA,C,B,B,C
2017,2,27,2706703,2,2,1,242421938,222291922,B,C,D,A,A,A,B,B,A,B
2017,4,41,4108650,2,3,1,18402077,203084244,A,C,D,A,C,B,A,D,E,B
2017,3,35,3543402,2,3,1,264532558,258747804,A,C,D,B,C,C,A,B,A,A
2017,1,13,1302603,1,3,1,172382407,246633031,B,C,D,A,B,A,C,B,A,B
2017,2,23,2300200,2,3,1,230882909,248462219,B,C,D,B,A,A,B,C,A,B
2017,4,41,4117503,2,3,1,209605963,253147561,A,A,C,A,A,B,A,A,A,B
2017,2,23,2310506,2,3,1,215991944,304592816,A,B,C,B,A,A,A,A,A,A
2017,3,31,3157906,2,3,1,297916932,317226214,B,A,D,B,A,A,B,B,A,C
2017,4,41,4106902,1,3,1,161226057,19988547,A,A,C,B,A,A,A,C,A,B
2017,3,31,3149309,2,2,1,135633537,161936983,B,C,C,NA,NA,A,B,E,NA,B
2017,1,15,1505536,2,3,1,199044289,206545097,A,C,H,A,B,A,A,C,C,A
2017,3,31,3147907,2,3,1,117058369,14055241,B,F,D,A,A,B,B,B,D,B
2017,5,52,5211800,2,3,1,168482679,204476969,A,A,C,C,A,A,C,A,B,C
2017,5,51,5103403,1,2,1,231284429,201293845,B,C,C,A,C,A,B,C,A,B
2017,1,15,1501402,1,3,1,176531874,215870508,B,C,D,B,A,A,A,D,A,A
2017,2,29,2933307,2,3,2,20113927,230572482,B,F,C,A,A,B,A,A,D,A
2017,3,35,3515004,2,3,1,289633314,24860575,B,D,D,C,C,A,A,B,B,B
2017,1,13,1302603,1,2,1,29619543,304738583,A,A,D,C,A,A,A,E,A,B
2017,4,43,4313706,2,2,1,20803156,265651401,A,A,E,B,A,A,C,E,A,C
2017,5,51,5105234,2,2,1,189032779,214339617,B,C,D,A,A,A,B,D,A,A
2017,2,24,2400703,2,3,2,124593212,151758263,A,A,G,A,A,A,A,B,B,B
2017,5,52,5218508,2,3,1,258172139,293538655,A,A,D,B,A,A,A,B,D,A
2017,3,31,3168705,2,2,1,203432366,235964135,A,F,D,A,A,NA,A,NA,C,C
2017,2,24,2409902,2,3,1,145420652,134247365,B,C,F,A,C,A,A,A,D,B
2017,2,23,2302404,2,3,1,214724907,190039589,B,C,E,A,A,B,A,C,C,A
2017,3,33,3302700,2,3,2,260700539,233335855,A,F,D,B,A,A,B,D,A,B
2017,2,23,2312403,2,3,1,226399797,140944439,A,F,D,A,A,B,NA,A,E,A
2017,2,29,2922508,2,3,1,242996287,277872259,A,C,C,A,A,B,A,NA,A,B
2017,1,16,1600600,2,2,1,183426092,134628383,B,C,C,B,A,B,A,A,A,B
2017,4,41,4108502,2,3,1,182170294,227958398,A,C,C,A,A,NA,B,A,A,A
2017,5,53,5300108,1,2,1,179061541,195693713,A,B,D,D,C,B,A,B,C,C
2017,2,26,2601003,2,3,1,166699582,143761636,B,D,C,A,A,A,C,B,A,C
2017,3,31,3152105,2,3,1,212912281,183110114,A,E,E,C,C,A,B,C,A,B
2017,3,33,3301702,2,3,1,165826683,221693091,A,C,D,A,A,A,B,D,A,B
2017,2,27,2708600,2,3,1,247145864,2125609,A,C,C,B,A,A,A,A,B,A
2017,1,15,1504703,2,3,1,170022759,179504892,B,C,C,A,A,B,C,E,A,C
2017,4,42,4211207,2,3,1,220160639,173675769,A,A,C,B,A,B,A,D,B,A
2017,2,25,2501104,2,3,1,114082941,134268324,A,C,D,A,A,A,A,D,E,B
2017,1,17,1716505,2,3,1,197727889,241973008,B,C,D,A,A,C,A,D,B,A
2017,1,13,1302603,1,2,1,181615559,17784584,B,C,C,A,A,A,A,C,A,B
2017,1,13,1302603,1,3,1,265347113,27573393,A,C,G,A,A,B,A,D,A,A
2017,3,31,3170107,2,2,1,192590928,190361026,A,B,D,A,A,B,A,D,A,B
2017,3,35,3512803,2,3,1,279761851,30132658,A,C,D,B,A,A,A,D,E,C
2017,4,41,4116208,2,3,1,21363483,223940522,B,C,C,C,A,A,A,A,B,A
2017,4,43,4313409,2,3,1,238400729,214610975,A,A,C,A,A,A,C,A,C,B
2017,3,31,3113008,2,3,1,131486659,180136475,A,C,C,B,A,C,C,A,NA,A
2017,3,35,3552502,2,2,1,276417078,261610945,B,A,C,B,A,B,A,B,E,C
2017,2,26,2609600,2,3,1,211662157,139385714,A,A,G,A,A,B,B,D,A,B
2017,3,35,3546009,2,3,1,128359229,161501749,A,F,D,A,A,A,A,B,A,B
2017,4,43,4322343,2,3,2,154596948,196015485,B,A,D,A,A,A,A,A,B,A
2017,4,43,4305108,2,3,1,286320716,263312866,B,A,C,C,A,A,A,D,A,C
2017,2,29,2902906,2,3,2,136094338,179136282,A,C,G,A,A,B,A,A,B,C
2017,2,21,2100873,2,3,1,146691987,125106007,B,F,D,A,A,A,A,B,B,A
2017,3,35,3502804,2,3,1,320311998,259766554,B,C,C,B,A,A,A,D,E,A
2017,3,31,6308166,2,3,2,22339192,205190602,B,A,C,A,A,A,NA,E,B,A
2017,2,22,2205508,2,3,1,265334166,255337869,A,C,C,A,A,B,C,D,A,B
2017,3,35,3518800,2,2,1,233195563,28300418,B,C,D,B,A,A,A,C,B,C
2017,3,35,3509502,2,2,1,26976494,306151597,A,C,C,C,A,C,B,D,B,C
2017,3,31,3122306,2,3,2,318224896,320161232,A,F,C,B,A,A,A,C,B,B
2017,1,13,1304302,2,2,1,190664754,234613665,B,A,C,B,B,A,C,D,A,C
2017,3,35,3552502,2,3,1,241134627,214032768,B,B,C,A,A,A,A,A,E,C
2017,1,13,1302603,1,3,1,276829451,28920236,A,F,D,C,B,B,A,E,D,C
2017,3,32,3200805,2,3,1,205993876,21689345,A,C,D,B,A,A,B,D,E,A
2017,1,11,1100205,1,2,1,214361952,244206745,B,C,C,B,A,A,A,A,A,C
2017,2,21,2112605,2,3,1,136983434,169535377,A,A,D,A,A,NA,A,D,D,C
2017,1,17,1714880,2,3,1,107327283,185811502,A,NA,D,B,A,A,B,D,B,B
2017,3,31,3127701,2,2,1,215683256,184301795,A,NA,D,B,A,A,B,B,NA,B
2017,3,31,3118007,2,3,1,27521158,274098744,B,C,D,D,A,A,A,D,E,A
2017,3,33,3304557,1,3,1,168165451,239121213,A,B,E,B,A,B,B,D,A,B
2017,1,13,1302603,1,2,1,217300246,250138374,B,C,D,B,A,A,A,D,A,A
2017,4,43,4305108,2,3,1,181625145,23313168,A,A,D,NA,A,A,A,E,C,C
2017,2,27,2707701,2,3,1,247427115,214840021,B,A,F,A,A,B,B,B,B,A
2017,2,29,2913200,2,3,2,223665789,193034244,B,F,C,A,A,A,C,D,D,A
2017,3,35,3509601,2,3,1,178398217,20738555,A,C,E,B,A,B,B,C,E,B
2017,3,31,3150802,2,3,1,217867157,209661429,A,C,D,NA,A,A,B,D,NA,A
2017,2,29,2925006,2,3,1,28845035,227703585,B,C,D,C,A,A,A,B,A,C
2017,4,43,4304606,2,2,1,225335724,220141632,A,NA,D,A,A,B,C,C,D,C
2017,3,35,3550308,1,3,1,259545727,23334966,B,A,D,B,A,B,A,B,E,B
2017,3,35,3529005,2,2,1,240288834,28294717,B,E,C,D,A,B,B,C,E,C
2017,2,24,2402006,2,3,1,233963234,193535319,A,C,C,B,C,C,A,A,A,A
2017,1,15,1505304,2,3,2,152289142,157587162,B,B,D,A,A,A,A,C,B,B
2017,4,41,4116703,2,3,1,325517054,266482576,B,C,C,D,A,A,A,B,A,B
2017,3,31,3102803,2,3,1,233974418,248565452,A,A,D,A,B,A,A,A,B,A
2017,5,52,5221858,2,3,1,235358088,269116334,A,E,D,B,A,A,B,B,D,B
2017,1,17,1713809,2,2,1,233195839,166004882,B,C,D,C,A,A,B,A,A,B
2017,3,35,3513702,2,3,1,244301063,23171671,B,E,D,B,A,A,A,A,E,B
2017,1,15,1505304,2,3,1,155302033,13598433,A,C,G,A,A,B,C,A,A,A
2017,4,41,4106902,1,3,1,253141509,291924484,A,A,C,A,A,A,A,A,A,A
2017,1,13,1302603,1,3,1,194276565,148002746,B,C,D,B,A,A,A,A,A,A
2017,3,33,3302908,2,3,1,234267735,279643319,A,F,D,B,A,A,A,B,E,C
2017,1,16,1600303,1,3,1,230354233,215698975,B,C,D,A,A,B,A,C,B,B
2017,2,23,2304400,1,3,1,224610475,263938748,B,C,D,A,A,B,B,D,C,B
2017,3,33,3304904,2,3,1,210018171,198924849,B,A,D,B,A,B,A,D,B,C
2017,3,35,3516200,2,2,1,265017985,330812522,B,A,C,A,A,A,A,C,B,A
2017,2,23,2306306,2,3,1,200545528,192813749,B,C,D,A,C,B,NA,A,A,B
2017,2,25,2507507,1,2,1,17317151,199266966,B,C,C,A,A,B,C,E,E,A
2017,3,33,3303302,2,3,1,175741009,193647048,B,B,F,A,A,B,A,D,E,B
2017,2,26,2609600,2,3,1,183317063,202281239,B,C,D,B,A,B,A,D,C,A
2017,3,35,3550308,1,2,1,188839621,190935264,B,NA,C,B,A,B,A,B,B,A
2017,2,21,2112209,2,3,1,214691906,215872856,B,A,D,A,A,C,C,B,A,C
2017,2,24,2404903,2,3,1,205115358,185203729,A,C,C,B,A,A,B,A,B,B
2017,2,23,2310852,2,3,1,218184385,214870035,A,F,D,A,B,A,A,C,A,B
2017,1,15,1500404,2,2,1,184863258,181098717,A,B,D,B,A,A,A,B,C,A
2017,4,41,4125209,2,3,1,234562705,231366824,A,C,E,A,A,A,A,B,A,A
2017,3,31,3148004,2,2,1,321640024,265210467,B,C,C,B,A,A,A,D,A,C
2017,2,22,2203701,2,3,2,16239354,186562751,B,B,F,A,A,B,C,A,A,A
2017,3,33,3305406,2,3,1,206717858,231068582,B,A,E,A,C,C,A,B,B,A
2017,3,33,3304557,1,3,1,274306065,266213343,B,D,C,B,A,A,B,D,E,B
2017,2,26,2613503,2,3,1,125547099,17944218,A,A,F,A,A,A,A,A,C,B
2017,2,24,2408300,2,3,1,120121119,166392663,B,C,E,A,B,A,B,E,E,B
2017,2,27,2708402,2,3,2,21602748,239733961,B,C,D,A,A,A,A,B,C,B
2017,3,35,3554003,2,3,1,228878557,205352802,A,F,C,B,A,A,A,D,E,B
2017,5,52,5213509,2,3,1,150952852,18894505,A,A,E,C,A,A,A,A,A,A
2017,3,35,3534401,2,3,1,257851165,281901648,A,C,D,B,B,B,A,D,A,B
2017,3,35,3518800,2,3,1,195016414,166487904,B,A,D,B,A,C,A,D,A,C
2017,2,29,2928604,2,3,1,221421836,201552291,B,NA,C,A,A,A,A,C,A,C
2017,1,15,1501402,1,2,1,200241303,226306612,B,B,F,A,A,C,A,A,NA,C
2017,3,35,3510302,2,3,2,238135675,24685034,A,A,C,B,A,A,A,D,A,A
2017,2,23,2304400,1,3,1,195625306,212760771,A,A,C,A,A,A,A,D,E,B
2017,2,29,2920809,2,3,1,153375473,187605087,B,B,D,A,A,A,A,D,D,B
2017,3,33,3300704,2,3,1,207741879,23352097,A,E,E,B,B,C,A,D,A,A
2017,2,28,2803708,2,2,1,166466868,215603007,A,C,C,A,A,A,C,B,E,A
2017,1,13,1300409,2,2,1,316425988,246734699,B,C,C,B,A,A,C,B,D,C
2017,3,31,3127701,2,2,1,224939051,271252371,B,C,D,C,A,A,A,D,A,A
2017,4,42,4208500,2,3,1,259981405,249756909,B,A,C,C,A,B,B,C,C,C
2017,2,27,2700201,2,3,2,219994642,239884423,A,C,D,A,A,A,B,E,E,C
2017,1,15,1502103,2,3,2,175994714,145388829,A,C,C,B,A,A,A,A,D,A
2017,4,42,6309772,2,3,2,215930956,203203127,B,C,C,A,A,C,B,A,A,A
2017,4,41,4103701,2,3,1,263029225,175106389,B,NA,C,B,A,A,A,A,B,A
2017,3,35,3509502,2,3,1,22770573,225498129,A,C,D,B,A,A,B,C,E,B
2017,5,53,5300108,1,2,1,274079962,231338486,B,C,D,B,A,A,A,A,D,C
2017,1,12,1200179,2,3,1,136648026,196544171,A,C,C,B,A,A,A,B,A,B
2017,3,31,3134202,2,3,1,282029328,277911607,A,C,NA,B,A,A,A,E,A,B
2017,3,35,3523503,2,3,1,220349444,227563686,A,C,G,A,A,A,A,A,A,B
2017,3,31,3145208,2,3,1,251044931,253134091,B,C,D,B,A,B,B,B,C,A
2017,2,23,2311801,2,3,2,20232835,157001914,B,D,E,A,A,A,B,D,E,A
2017,3,35,3504503,2,3,1,213863633,251940901,A,A,C,C,A,C,A,D,A,B
2017,2,29,2927408,1,3,1,262322653,299085745,B,C,C,A,A,A,A,E,D,C
2017,1,12,1200609,2,2,1,252496476,240240234,B,C,C,C,A,A,A,A,C,C
2017,3,35,3550308,1,2,1,181894938,167273694,A,C,E,C,A,B,A,D,A,C
2017,2,26,2601102,2,3,1,182507686,139143533,A,F,F,A,A,A,A,C,E,A
2017,4,43,4317509,2,2,1,19643325,248450705,A,A,C,D,A,A,A,A,B,C
2017,4,42,4202206,2,2,1,178876703,190609188,B,C,D,A,A,A,C,B,A,A
2017,3,35,3550308,1,3,1,224012326,172915018,B,C,D,A,A,A,A,B,A,B
2017,5,51,5107958,2,3,1,177004245,166067873,A,C,C,B,A,A,B,D,B,B
2017,2,25,2501807,2,3,1,278545499,271303569,B,C,D,B,A,C,A,B,A,B
2017,2,23,2311264,2,3,2,19366569,168737794,B,A,C,A,A,A,A,A,D,A
2017,4,43,4317103,2,3,1,16956058,198145318,B,B,C,NA,A,C,A,A,A,C
2017,2,26,2607901,2,3,1,240582812,259141957,B,E,D,D,A,C,A,B,A,B
2017,2,24,2408102,1,3,1,211317879,244061592,A,C,D,A,A,B,B,B,B,A
2017,5,52,5212253,2,3,1,279730337,303050914,A,C,D,A,B,A,C,A,D,B
2017,2,29,2932903,2,3,1,13552043,158929864,A,A,G,A,B,B,B,A,B,B
2017,5,52,5219902,2,3,1,281771326,237017818,B,NA,C,A,A,A,C,D,NA,C
2017,5,51,5108402,2,3,1,265277365,233248327,B,A,C,A,A,B,A,D,A,B
2017,5,53,5300108,1,2,1,176456286,229972645,B,A,D,A,C,B,A,B,C,B
2017,3,35,3556404,2,3,1,223212976,246381515,A,F,D,B,B,A,C,B,E,B
2017,2,26,2606507,2,3,1,172920174,255060029,A,A,C,A,A,A,A,D,A,A
2017,2,29,2919553,2,3,1,276387713,297740193,B,C,C,C,A,B,C,A,A,C
2017,2,29,2900702,2,3,2,242974911,265885087,B,B,D,A,A,A,A,D,A,C
2017,3,35,3552403,2,3,1,187258387,172429202,B,F,D,B,A,B,B,A,A,B
2017,5,51,5105259,2,3,1,21249324,248803497,A,A,C,A,A,A,A,B,E,B
2017,1,13,1303908,2,3,1,128706593,129725172,B,C,E,NA,A,A,A,A,E,A
2017,4,41,4105706,2,3,1,259318301,258385343,A,A,D,B,A,A,B,A,A,B
2017,2,25,2500775,2,3,1,222437041,183958504,B,B,C,B,A,A,A,A,E,B
2017,2,29,2927408,1,3,1,190914658,201582752,B,C,F,B,B,A,C,A,D,A
2017,4,42,4203204,2,3,1,211441067,241599591,A,C,C,E,A,A,B,A,D,B
2017,2,21,2111201,2,3,2,197812622,134783316,B,C,C,B,A,A,A,A,B,A
2017,4,41,4108304,2,3,1,247500169,254132328,A,A,D,C,C,C,B,C,E,C
2017,1,15,1502939,2,3,1,20153495,184199959,B,A,C,A,A,B,C,D,D,B
2017,4,43,4314902,1,2,1,245389487,216841861,B,A,D,B,A,A,A,A,E,C
2017,5,50,5002704,1,2,1,163336518,22555296,A,NA,B,A,A,A,C,D,C,C
2017,2,25,2507507,1,3,1,227781153,168035562,A,F,F,A,A,A,A,C,A,A
2017,5,52,5205497,2,3,1,162521577,201169708,A,F,D,A,B,A,C,E,C,B
2017,4,43,4302105,2,3,1,11034998,214687323,A,A,F,B,A,A,B,A,A,C
2017,4,43,4308102,2,2,2,185435788,19176968,A,B,C,A,A,A,C,D,D,A
2017,2,22,2210607,2,3,1,22434239,188764965,B,C,D,A,A,A,A,A,E,B
2017,1,17,1716109,2,3,1,222039598,282397637,A,C,C,A,A,B,A,B,A,B
2017,3,35,3543006,2,3,1,202029413,252251216,A,C,D,C,A,B,B,D,E,B
2017,3,35,3515509,2,3,1,273899531,25028906,B,NA,D,B,A,B,A,A,B,A
2017,4,41,4128104,2,3,1,262861796,297073453,A,C,D,B,A,A,B,D,A,C
2017,5,52,5208707,1,3,1,250483365,271499583,A,B,C,A,A,B,C,B,C,C
2017,3,35,3539103,2,3,1,214694551,215665607,B,C,C,B,A,B,A,A,B,A
2017,2,26,2615003,2,3,1,182602557,219441916,A,A,D,A,A,A,B,B,A,B
2017,3,31,3156601,2,3,2,176915159,186205935,A,C,C,A,B,B,A,D,A,A
2017,5,50,5002704,1,3,1,233107799,264510751,A,A,C,B,A,A,A,A,A,C
2017,3,35,3546405,2,2,1,236411473,22603369,B,A,D,B,A,A,A,C,A,B
2017,3,35,3550308,1,2,1,261428818,291004273,A,A,D,C,A,C,C,B,B,C
2017,3,31,3130408,2,3,1,280798928,320366581,B,C,D,B,A,A,A,B,A,B
2017,3,35,3550308,1,3,1,224408613,224671538,B,A,C,B,A,A,A,B,A,B
2017,3,35,3550308,1,2,1,321759136,301642651,B,B,C,B,B,A,B,C,B,C
2017,1,13,1303403,2,2,1,256813041,165189078,B,C,C,A,A,A,A,E,A,C
2017,4,42,4208906,2,3,1,284124859,281502857,A,A,D,C,A,A,B,D,A,B
2017,1,15,1508001,2,3,1,29349277,203519366,B,D,D,A,A,A,A,B,A,C
2017,3,35,3550308,1,2,1,258439617,241525813,B,C,C,D,A,A,A,A,A,A
2017,3,35,3527108,2,3,1,187149137,167823898,B,C,C,B,A,A,A,A,C,C
2017,2,24,2401800,2,3,1,145816388,166149476,A,B,D,B,A,A,A,A,C,A
2017,3,35,3550308,1,2,1,181166769,178031234,A,C,D,B,A,B,B,A,E,B
2017,3,31,3106200,1,2,1,238303599,241222765,B,B,D,B,NA,A,B,B,E,B
2017,3,35,3550308,1,3,1,225101081,209348991,B,C,D,B,A,A,A,B,A,C
2017,3,31,3147006,2,2,1,251941355,196795071,A,F,D,B,A,A,B,B,A,B
2017,2,27,2709301,2,3,1,164015158,212939962,B,B,D,A,A,A,B,E,B,B
2017,2,21,2100303,2,3,1,231070888,212007789,B,C,D,A,B,A,C,D,C,C
2017,1,14,1400100,1,3,1,24707865,245770053,B,C,C,A,A,A,B,B,A,B
2017,4,41,4110706,2,3,1,257815575,329736874,A,C,C,C,A,A,B,D,D,C
2017,5,51,5107909,2,3,1,198523988,232158818,B,A,C,B,A,A,B,D,B,A
2017,4,43,4304002,2,2,1,254449701,246290243,A,A,C,B,A,A,C,E,D,A
2017,2,23,2312908,2,3,1,244480777,221285525,A,B,C,A,A,B,B,B,D,B
2017,3,35,3550308,1,3,1,296460098,352640544,A,C,D,A,A,A,A,D,E,B
2017,2,29,2913606,2,3,1,242824671,184418498,A,F,D,A,B,A,A,A,D,B
2017,3,35,3503901,2,3,1,223869414,224441988,B,C,D,D,A,A,A,C,D,B
2017,3,33,3304003,2,3,1,220884676,303469324,A,A,D,C,A,A,B,D,A,C
2017,3,33,3301702,2,3,1,141881785,152018107,A,C,H,B,B,A,B,B,A,A
2017,4,43,4315057,2,3,1,21427507,251919103,B,A,D,B,C,C,C,D,B,C
2017,2,29,2912004,2,3,1,152283743,212760883,B,C,D,A,A,A,A,C,D,B
2017,2,29,2930105,2,3,2,143609017,148701679,B,C,E,NA,B,A,C,A,D,A
2017,1,11,1100205,1,2,1,249031599,223022993,B,A,C,B,B,B,A,E,A,A
2017,2,27,2709301,2,3,2,261019419,236615672,A,NA,D,A,A,B,A,D,E,C
2017,4,41,4100509,2,3,1,219448777,230113326,A,C,D,C,A,A,A,D,B,B
2017,3,31,3106200,1,3,1,168537221,205147174,B,F,D,A,A,A,A,C,A,A
2017,5,53,5300108,1,2,1,302476844,251893113,A,C,D,A,B,A,C,E,A,A
2017,4,43,4305108,2,3,1,185236846,249083518,A,C,D,C,A,A,C,A,A,C
2017,2,29,2911600,2,3,1,218436657,227289087,B,C,D,A,A,A,C,B,A,C
2017,5,53,5300108,1,2,1,227657468,261863634,B,A,C,B,A,A,A,E,C,B
2017,3,31,3106309,2,3,1,178504106,196191322,B,A,D,D,A,C,A,D,A,B
2017,2,24,2408102,1,3,1,148978692,210290218,B,C,D,B,A,A,A,B,C,A
2017,3,33,3303302,2,3,1,186090022,201031989,B,C,E,A,A,B,B,B,D,B
2017,3,35,3552502,2,2,1,179889098,22259279,B,A,D,B,A,A,A,B,B,A
2017,5,50,5002100,2,2,1,207109186,233020398,A,C,D,B,A,A,A,D,C,C
2017,3,33,3300456,2,3,1,141854073,178338866,A,A,F,B,A,B,B,A,NA,B
2017,3,31,3134202,2,3,1,276193564,257160798,A,C,D,A,A,A,A,D,A,B
2017,2,29,2927408,1,3,1,199191609,215518163,A,A,C,A,A,B,A,B,C,A
2017,3,32,3203908,2,3,1,204041808,221386298,A,C,C,B,A,A,B,C,B,C
2017,3,33,3303401,2,3,2,220605132,204582885,B,C,D,B,A,B,B,D,D,C
2017,3,35,3523107,2,3,1,138339668,205691006,A,E,D,A,A,A,A,A,A,A
2017,4,42,4209706,2,3,1,256863892,211538406,B,A,E,A,A,A,A,B,B,A
2017,3,35,3536703,2,3,1,178565756,231928653,B,E,C,A,A,A,B,B,D,C
2017,3,31,3106200,1,3,1,243959043,258657594,B,C,D,A,A,B,A,A,E,B
2017,3,31,3136306,2,2,1,132842011,204415823,A,B,C,C,A,B,B,D,A,B
2017,3,31,3151206,2,3,1,208603098,160187776,B,A,D,A,NA,NA,A,D,NA,B
2017,1,11,1100098,2,2,1,126950217,172371857,A,A,C,B,A,A,C,D,C,C
2017,3,31,3154606,2,2,1,247799657,233968667,B,A,C,B,A,A,A,C,B,B
2017,1,13,1301209,2,3,1,159261813,147626646,A,B,C,D,A,A,C,E,A,C
2017,5,51,5101803,2,3,2,210252097,254354444,B,F,D,A,A,A,B,D,A,B
2017,4,41,4108304,2,3,2,20360288,169208798,A,B,D,B,A,A,A,A,B,A
2017,2,29,2927408,1,3,1,220767602,162010593,A,B,E,B,A,A,C,A,D,B
2017,3,35,3520202,2,3,1,233254127,29259821,A,A,C,C,A,A,A,C,A,C
2017,2,26,2605707,2,3,1,106993362,187854982,A,C,E,NA,A,A,C,A,E,B
2017,2,21,2106326,2,3,2,176036805,16590232,B,C,C,A,A,B,B,D,B,C
2017,2,23,2304400,1,3,1,251186025,294635374,A,A,D,A,A,B,B,C,A,B
2017,3,35,3550308,1,3,1,274962227,296356466,A,C,D,B,A,A,A,B,B,A
2017,3,32,3203908,2,3,1,165515405,154242677,A,C,E,B,A,A,A,D,B,A
2017,3,35,3551009,2,3,1,266494873,230550796,A,A,D,B,A,B,B,B,E,C
2017,3,35,3557006,2,3,1,255878272,264860134,B,C,D,A,A,B,C,A,A,B
2017,4,41,4105508,2,3,1,211644637,210761502,A,C,C,A,A,A,C,D,A,B
2017,2,23,2311801,2,3,1,172300484,229136832,A,A,D,B,B,A,C,B,E,B
2017,4,43,4313409,2,3,1,269518232,292533711,A,A,D,B,A,A,A,D,A,C
2017,3,31,3107802,2,2,1,236339631,234873061,B,C,C,B,A,A,A,B,B,B
2017,2,25,2500106,2,3,1,177668616,201866965,A,C,D,A,NA,A,A,E,A,C
2017,4,42,4214805,2,2,1,211456769,256018526,A,A,C,B,A,B,A,D,E,B
2017,2,21,2112209,2,3,1,147792972,187956259,B,D,D,B,A,A,A,D,A,B
2017,2,24,2408102,1,3,1,236260958,238625169,A,A,D,A,A,B,NA,D,E,B
2017,2,21,2111300,1,3,2,117714641,129432408,A,D,E,C,A,A,B,E,D,A
2017,2,21,2109601,2,3,1,121277308,211986383,B,C,C,A,A,A,C,D,A,C
2017,4,42,4209300,2,2,1,245725887,219359698,A,C,E,B,A,A,B,A,A,B
2017,2,21,2103505,2,3,1,238324921,206566839,B,C,D,B,C,B,A,D,A,C
2017,3,35,3531803,2,3,1,294113121,279647287,A,A,E,D,A,A,C,D,E,A
2017,4,41,4111258,2,3,1,184313977,244016096,B,F,C,B,A,B,A,B,A,C
2017,2,23,2314102,2,3,1,228453677,282779661,B,C,C,A,A,A,A,A,A,B
2017,3,35,3538006,2,3,1,291797161,212764068,A,C,C,D,A,A,A,D,E,C
2017,3,35,3525201,2,3,1,248932982,213035873,B,E,D,A,A,B,A,A,A,C
2017,2,29,2931350,2,3,1,113814031,158215057,A,C,E,B,A,A,A,B,C,C
2017,3,35,3500758,2,3,2,234529649,277220163,B,D,C,B,A,C,A,A,A,B
2017,1,15,1504422,2,3,1,181470223,258016342,A,C,C,A,A,C,C,A,E,B
2017,3,35,3552205,2,3,1,229516869,260351747,A,E,D,B,A,B,B,B,A,B
2017,4,42,4213708,2,2,1,243958547,310663449,A,A,D,C,A,A,A,A,B,B
2017,5,51,5100250,2,2,2,201059935,193849769,B,C,C,A,A,C,B,D,A,A
2017,1,15,1500800,2,2,1,221077447,226054761,B,C,D,A,A,A,C,A,A,C
2017,1,13,1302603,1,2,1,217082132,253020462,A,E,D,A,A,A,A,D,A,C
2017,5,50,5006606,2,2,1,256923118,269699683,A,NA,E,A,A,B,B,E,D,B
2017,4,43,4322202,2,2,1,227838946,233812281,A,F,C,B,A,A,C,B,C,B
2017,2,24,2401305,2,3,1,259993085,18910697,B,C,C,A,A,A,A,C,A,A
2017,3,35,3507605,2,3,1,207359916,177122202,B,F,C,A,A,B,B,B,A,B
2017,3,35,3550308,1,2,1,181648615,176226751,B,A,D,A,A,A,B,A,B,A
2017,3,35,3542206,2,3,1,203958617,277127549,A,C,D,A,A,B,A,D,A,A
2017,2,24,2408102,1,3,1,293773746,21395832,B,F,C,B,A,B,A,A,A,B
2017,1,15,1502103,2,3,2,153522958,162008972,B,C,C,A,A,A,A,A,A,C
2017,4,42,4205407,1,2,1,133424789,203393161,A,B,D,A,A,A,A,A,A,B
2017,3,35,3550308,1,2,1,227619619,217219302,A,A,E,B,C,C,B,C,E,B
2017,1,15,1502400,2,3,1,202618802,189530187,A,C,F,B,A,B,A,D,A,A
2017,4,43,4310603,2,3,1,168616831,181888364,B,F,D,A,B,A,A,A,A,A
2017,2,29,2920601,2,3,2,153940786,145114566,B,C,E,A,A,A,B,C,A,B
2017,3,35,3522307,2,3,1,235694488,197642064,B,A,C,NA,A,B,A,A,A,A
2017,2,23,2300754,2,3,2,260004324,297365267,A,A,D,A,A,A,B,D,B,B
2017,2,23,2309706,2,3,1,178207925,147881739,B,B,D,B,A,B,A,A,B,B
2017,4,43,4322301,2,3,1,26109341,244093227,B,A,D,B,A,A,A,A,A,A
2017,3,35,3513801,2,3,1,321759136,270220878,B,A,C,B,A,B,B,A,A,C
2017,1,15,1506138,2,3,2,190009419,195381107,A,A,C,A,A,A,A,D,E,A
2017,3,33,3304557,1,3,1,230739777,227413503,A,B,C,B,A,B,A,A,E,A
2017,4,43,4309209,2,2,1,210202018,234803643,B,B,D,A,A,B,C,A,A,B
2017,1,13,1302603,1,2,1,241314231,222606037,A,F,C,A,A,A,A,B,E,C
2017,4,41,4104808,2,3,1,204629655,172718166,A,F,D,B,A,A,B,C,E,A
2017,2,21,2105708,2,3,1,158098847,1636678,B,D,E,A,B,B,B,C,C,A
2017,4,42,4214805,2,2,1,252934413,267830196,B,E,D,B,A,A,A,B,D,A
2017,4,41,4108304,2,3,1,323300317,312312385,A,A,D,C,A,A,A,C,A,B
2017,3,35,3550308,1,2,1,234866765,270442827,A,B,C,C,A,B,A,B,A,B
2017,4,42,4209003,2,3,1,199004898,231047734,B,A,D,C,A,A,A,B,E,A
2017,2,24,2403251,2,3,1,165269358,192921565,B,A,C,B,A,A,A,D,B,B
2017,3,35,3547502,2,3,1,242162889,256939129,A,C,E,C,A,A,C,D,A,C
2017,2,21,2111748,2,3,1,155035876,210501491,A,NA,D,A,B,B,NA,A,E,A
2017,3,33,3301702,2,3,1,254314447,200913777,B,C,D,B,A,B,B,A,B,C
